strategy,annual_return,annual_volatility,sharpe,max_drawdown,positive_month_ratio
Dynamic Ensemble,-0.04566475318008045,0.03867583826877932,-1.1807049368324323,-0.14192403354345118,0.4482758620689655
Static Ensemble,-0.04273762439870765,0.03924599137237058,-1.088967889566301,-0.13516406629576216,0.41379310344827586
Equal Weight Benchmark,0.12284482380224304,0.14940623795199562,0.8222201795999523,-0.15370626942809218,0.6206896551724138
