period,attention_share,occlusion_impact
1-5日,0.04642200842499733,0.16648024320602417
6-20日,0.12316078692674637,0.2494034618139267
21-60日,0.338211502879858,0.1298249214887619
61-120日,0.4922057706862688,0.06765705347061157
